Year,Month,Class,Pounds Recalled,Product,Problem Type,
2005,1,I,2520,Beef Filled Gyozas,Undeclared Allergen,
2005,1,I,353533,Frozen Egg Rolls,Extraneous Material,
2005,1,I,5760,Chicken Products,Listeria monocytogenes,
2005,2,I,47,Ready-to-Eat Ham,Listeria monocytogenes,
2005,2,I,123000,Ground Beef,Misbranding,
2005,2,I,4275,Soup With Meatballs And Chicken,Undeclared Allergen,
2005,2,I,1120,Cooked Pork Products,Listeria monocytogenes,
2005,3,I,250,Chicken Salad,Listeria monocytogenes,
2005,3,I,12090,Chicken Dumplings,Listeria monocytogenes,
2005,3,I,230700,Fully Cooked Chicken Breast Strips,Processing Defect,
2005,3,I,400,Deli Franks,Undeclared Allergen,
2005,3,III,74810,Cheeseburger Stuffed Sandwiches,Misbranding,
2005,3,I,12500,Chicken Products,Listeria monocytogenes,
2005,4,I,3316,Chicken Wrap Sandwiches,Listeria monocytogenes,
2005,4,I,5117,Sausage Products,Listeria monocytogenes,
2005,4,I,39000,Smoked Turkey And Pork Products,Listeria monocytogenes,
2005,4,I,10700,Sausage Products,Listeria monocytogenes,
2005,4,I,473500,Spaghettios Plus Calcium,Undeclared Allergen,
2005,4,I,40,Sausage Products,Listeria monocytogenes,
2005,4,I,1077,RTE Meat Products,Listeria monocytogenes,
2005,4,I,191,Meat Wrap Sandwiches,Listeria monocytogenes,
2005,4,I,385,Chicken Breast Wrap Sandwiches,Listeria monocytogenes,
2005,4,I,29000,Ham Products,Listeria monocytogenes,
2005,5,I,363332,RTE Meat Products,Listeria monocytogenes,
2005,6,I,63850,Frozen Ground Beef Products,E. coli ,
2005,6,I,5065,Chicken Salad,Listeria monocytogenes,
2005,6,I,13455,Frozen Chicken And Sausage Gumbo,Undeclared Allergen,
2005,6,I,720,Spanish Sausage,Listeria monocytogenes,
2005,7,I,170,Cooked Chicken Products,Listeria monocytogenes,
2005,7,I,93200,Meat And Poultry Products,Listeria monocytogenes,
2005,8,II,1856,Beef Products,Other,
2005,8,I,900000,Frozen Ground Beef Patties,E. coli ,
2005,8,I,23435,RTE Chicken and Beef Products,Listeria monocytogenes,
2005,8,I,35830,Polish Sausage,Processing Defect,
2005,8,II,3400,Pork Sausage,Undeclared Allergen,
2005,9,I,2890,Sausage And Bacon Products,Other,
2005,9,I,890,Sausage Products,Listeria monocytogenes,
2005,9,I,23040,Chicken Frankfurters,Listeria monocytogenes,
2005,9,I,184000,Frozen Ground Beef Patties,E. coli ,
2005,9,I,165,Cooked Country Hams,Listeria monocytogenes,
2005,10,I,1076,Chicken Sausage Products And Beef Wieners,Listeria monocytogenes,
2005,10,II,37000,Ham Products,Undeclared Allergen,
2005,10,I,11200,RTE Meat And Poultry Products,Listeria monocytogenes,
2005,10,I,2263,RTE Beef Products,Listeria monocytogenes,
2005,11,I,94400,Frozen Ground Beef Patties,E. coli ,
2005,11,I,6200,Ground Beef,E. coli ,
2005,11,I,275,RTE Chicken Product,Listeria monocytogenes,
2005,11,I,5523,Chicken Salad Products,Listeria monocytogenes,
2005,11,II,389000,Chicken Products,Chemical Contamination,
2005,11,I,340,Ham And Beef Products,Other,
2005,12,I,2800000,"Turkey, Ham and Bologna Lunch Meal Products",Listeria monocytogenes,
2005,12,I,325,Frozen Pot Roast Dinners,Undeclared Allergen,
2006,1,II,464820,Beef Franks,Undeclared Allergen,
2006,1,II,54690,Frozen Asian Style Pot Stickers,Extraneous Material,
2006,1,I,1561,Frozen Sirloin Beef and Asian Style Vegetables,Undeclared Allergen,
2006,1,I,54664,Sausage products,Undeclared Allergen,
2006,2,I,6426,Frozen Chicken Egg Rolls,Undeclared Allergen,
2006,2,I,219,Beef Products,Processing Defect,
2006,2,I,30,Pork Barbeque,Listeria monocytogenes,
2006,3,II,560604,Meatball and Pasta Products,Undeclared Allergen,
2006,3,I,75800,Frozen Stuffed Chicken Entrees,Salmonella,
2006,3,I,36560,Chicken Noodle Soup,Undeclared Allergen,
2006,3,I,100,Dried Beef Products,Listeria monocytogenes,
2006,4,I,92,Ham Salad,Listeria monocytogenes,
2006,4,I,9465,Chicken Product,Extraneous Material,
2006,4,I,20610,Fully Cooked Breaded Chicken Breast Fillets,Processing Defect,
2006,5,I,156235,Ground Beef Products,E. coli ,
2006,5,I,5402,Chicken Soup,Undeclared Allergen,
2006,5,I,4327336,Frozen Meat Products,Extraneous Material,
2006,6,I,664,Boneless Prosciutto Ham,Other,
2006,6,II,765,Beef Stick Products,Other,
2006,7,I,16716,Jumbo Franks,Undeclared Allergen,
2006,7,I,315,Ground Beef,E. coli ,
2006,7,II,48588,Frozen Meat Loaf Entrees,Extraneous Material,
2006,7,I,5,Hot Dogs,Listeria monocytogenes,
2006,7,I,120,Ground Beef,E. coli ,
2006,8,I,13078,Ground Beef Products,E. coli ,
2006,8,I,4337,Ground Beef,E. coli ,
2006,8,I,909,Beef Products,E. coli ,
2006,8,II,7497,Chicken Salad,Undeclared Allergen,
2006,10,I,5226,Ground Beef,E. coli ,
2006,10,I,1178,Pork Products,Listeria monocytogenes,
2006,10,I,1680,Ground Beef Products,E. coli ,
2006,11,III,23200,Beef Jerky Products,Residue,
2006,11,I,46941,Cooked Ham and Turkey Products,Listeria monocytogenes,
2006,12,III,2100,Ground Bison and Bison Steaks,Other,
2007,1,I,290,Head Cheese Products,Listeria monocytogenes,
2007,1,I,15514,Sausage Products,Listeria monocytogenes,
2007,1,III,19488,Cooked Ham,Undeclared Substance,
2007,1,I,2700,Frankfurters,Processing Defect,
2007,1,I,77730,Pork Dumpling and Won-ton Products,Undeclared Allergen,
2007,1,I,1591,Pasta Salad With Chicken,Listeria monocytogenes,
2007,1,I,1080,Smoked Ham,Processing Defect,
2007,1,I,4240,Ground Beef Products,E. coli ,
2007,2,I,6317,Canned Chicken Noodle Soup,Undeclared Allergen,
2007,2,I,7848,Pasta Entr‚es for Toddlers,Undeclared Allergen,
2007,2,I,402623,Pasta and Meatball Meals,Processing Defect,
2007,2,I,2800000,Fully Cooked Chicken Breast Cuts and Strips,Listeria monocytogenes,
2007,2,I,930,Semi-Boneless Ham Steaks,Listeria monocytogenes,
2007,3,I,16743,Ground Beef,E. coli ,
2007,3,I,5084,Summer Sausage,Undeclared Allergen,
2007,3,II,1800,Bacon,Processing Defect,
2007,4,I,330,Ready-to-Eat (RTE) Sausage Products,Other,
2007,4,II,5625,RTE Soppressata (Salami) Products,Undeclared Allergen,
2007,4,I,259230,Beef Products,E. coli ,
2007,4,I,107943,Frozen Ground Beef Products,E. coli ,
2007,5,I,6907,RTE Turkey Products,Listeria monocytogenes,
2007,5,I,117500,Beef Trim Products,E. coli ,
2007,5,I,129000,Beef Products,E. coli ,
2007,5,II,35580,Raw Chicken Sausage Products,Undeclared Allergen,
2007,6,I,5700000,Ground Beef Products,E. coli ,
2007,6,I,140,Chicken Products,Listeria monocytogenes,
2007,6,I,40440,Ground Beef Products,E. coli ,
2007,6,II,82286,Beef Products,Other,
2007,6,II,2762,Pork Egg Roll Products,Undeclared Allergen,
2007,6,II,13300,Beef and Chicken Base Products,Undeclared Allergen,
2007,6,I,2768,RTE Chicken Products,Listeria monocytogenes,
2007,7,I,35860,Frozen Beef and Chicken Products,Undeclared Allergen,
2007,7,I,21700000,Canned Meat Products,Processing Defect,
2007,7,I,26669,Ground Beef Products,E. coli ,
2007,7,I,5920,Ground Beef And Buffalo Products,E. coli ,
2007,8,I,12894,Frozen Turkey Products,Undeclared Allergen,
2007,8,II,17000,Gourmet Sausage Products,Undeclared Substance,
2007,9,I,884,Ground Beef Products,E. coli ,
2007,9,I,11250,Ground Beef Products,Extraneous Material,
2007,9,I,21700000,Ground Beef Products,E. coli ,
2007,9,I,65,Ground Beef Products,E. coli ,
2007,10,I,845000,Frozen Ground Beef Patties,E. coli ,
2007,10,I,70400,Chicken and Pasta Products,Listeria monocytogenes,
2007,10,I,83900000,Frozen Pot Pie Products,Salmonella,
2007,10,I,173554,Frozen Ground Beef Products,E. coli ,
2007,10,I,1900,Ground Beef Products,E. coli ,
2007,10,I,8200,Frozen Ground Beef Products,E. coli ,
2007,10,I,50,Ground Beef Products,E. coli ,
2007,11,I,3300000,Frozen Meat Pizza Products,E. coli ,
2007,11,I,4374,Cooked Beef and Chicken Products,Other,
2007,11,I,1084384,Ground Beef Products,E. coli ,
2007,11,I,3750,Frozen Beef Tamales,Extraneous Material,
2007,11,I,98000,Frozen Sausage Roll Products,Listeria monocytogenes,
2007,11,I,95927,Ground Beef Products,E. coli ,
2007,12,I,990,Beef and Chicken Base Products,Undeclared Allergen,
2007,12,I,98772,Braunschweiger Liver Sausage Products,Undeclared Allergen,
2007,12,I,102,Hamburger Patties and Bulk Ground Beef,E. coli ,
2007,12,I,88,Beef Patty Products,Listeria monocytogenes,
2008,1,I,13150,Beef Products,E. coli ,
2008,1,I,188000,Ground Beef Products,E. coli ,
2008,1,I,24710,"Boneless, Skinless Chicken Breast Products",Undeclared Allergen,
2008,2,I,8910,Bacon Wrapped Beef Tenderloin Products,Undeclared Allergen,
2008,2,II,143383823,Raw and Frozen Beef Products,Other,
2008,3,I,2184,Frozen Chicken Entr‚es,Listeria monocytogenes,
2008,3,I,10368,Frozen Chicken Entr‚es,Listeria monocytogenes,
2008,3,I,3780,Frozen Chicken Entr‚es,Listeria monocytogenes,
2008,3,I,6970,Meat and Poultry Products,Listeria monocytogenes,
2008,3,I,943000,Poultry Giblets and Carcasses with Giblets Inserted,Other,
2008,3,I,1420,Frozen Chicken Breast Products,Other,
2008,4,II,406000,Frozen Cattle Heads,Other,
2008,5,I,286320,Fresh and Frozen Meat and Poultry Products,Listeria monocytogenes,
2008,5,I,68670,Ground Beef Products,E. coli ,
2008,5,I,22481,Ground Beef Products,Extraneous Material,
2008,5,I,290,Pork Blood Sausage,Listeria monocytogenes,
2008,6,I,13275,Ground Beef Products,E. coli ,
2008,6,I,130,Ready-to-Eat (RTE) Chicken Products,Listeria monocytogenes,
2008,6,II,2850,Fresh Cattle Heads,Other,
2008,6,II,120,Fresh Cattle Heads,Other,
2008,6,I,5300000,Ground Beef Components,E. coli ,
2008,7,I,199417,Frozen Stuffed Chicken Sandwich Products,Extraneous Material,
2008,7,I,1560,Beef Cheek Products,E. coli ,
2008,8,I,285,RTE Chicken Products,Listeria monocytogenes,
2008,8,II,51360,Chicken Breast Tenderloin Products,Undeclared Allergen,
2008,8,I,153630,Frozen Ground Beef Products,E. coli ,
2008,8,II,941271,Cattle Heads,Other,
2008,8,I,1360000,Beef Products,E. coli ,
2008,8,I,4535,Fully Cooked Pork Products,Listeria monocytogenes,
2008,8,I,780,Ground Beef Products,E. coli ,
2008,8,II,987,RTE Chicken Noodle Products,Undeclared Allergen,
2008,8,I,215660,Frozen Stuffed Pepperoni Pizza Sandwich Products,Extraneous Material,
2008,9,I,16,RTE Turkey Product,Listeria monocytogenes,
2008,10,I,2340,Frozen Beef Trim,E. coli ,
2008,10,I,4200,Frozen Beef Trim,E. coli ,
2008,10,I,20460,Frozen Beef Trim,E. coli ,
2008,10,I,420,Frozen Beef Trim,E. coli ,
2008,10,I,2758,Ground Beef Products,E. coli ,
2008,11,I,600,RTE and Raw Banger Sausage Rolls,Undeclared Allergen,
2008,11,I,41415,Frozen Stuffed Chicken Products,Extraneous Material,
2008,11,I,28610,Hot Dog Products,Listeria monocytogenes,
2008,11,I,879565,Frozen Chicken Meals,Extraneous Material,
2008,11,I,345,Ground Beef Products,E. coli ,
2008,11,II,8496,Cooked Chicken Strip Products,Undeclared Allergen,
2008,11,I,5250,RTE Frozen Beef Sandwich Products,Listeria monocytogenes,
2008,12,II,36388,RTE Polish Kielbasa Sausage Products,Undeclared Allergen,
2008,12,II,41020,Fresh Pork Products,Chemical Contamination,
2008,12,II,4041,Fresh Pork Products,Chemical Contamination,
2008,12,II,33880,Fresh Pork Products,Chemical Contamination,
2008,12,I,1,Sopressata Sausage Products,Listeria monocytogenes,
2008,12,I,750,Sausage Products,Listeria monocytogenes,
2008,12,I,172,Burrito Products,Listeria monocytogenes,
2009,1,I,3590,Bacon Products,Listeria monocytogenes,
2009,1,II,6050,"Frozen, Stuffed, Chicken Products",Extraneous Material,
2009,1,I,676560,Frozen Chili Beef Products,Extraneous Material,
2009,2,I,983700,Frozen Chicken Entre‚s,Salmonella,
2009,2,I,872,Sausage Products,Listeria monocytogenes,
2009,2,II,89531,Granulated Chicken Bouillon Product,Other,
2009,2,II,2852,Stuffed Chicken Breast Product,Undeclared Allergen,
2009,2,I,13776,Frozen Ground Chicken Product,Extraneous Material,
2009,3,II,2858,Chicken Drink Product,Other,
2009,3,II,17674,Granulated Chicken Bouillon Product,Other,
2009,3,II,3456,Smoked Chicken Sausage Product,Misbranding,
2009,3,I,1728,Cheese Frank Product,Undeclared Allergen,
2009,3,II,2925,"Beef, Chicken, Goat and Lamb Products",Other,
2009,4,II,114540,Chicken Base Product,Other,
2009,4,I,12460,Frozen Chicken Egg Roll Product,Salmonella,
2009,4,I,37776,Turkey Soup Product,Undeclared Allergen,
2009,4,II,139831,Frozen Meat and Poultry Pasta Products,Other,
2009,4,II,16213,Hot-Pot Seasoning Product,Other,
2009,5,I,4663,Ground Beef Products,E. coli ,
2009,5,I,375,Ground Beef Products,E. coli ,
2009,5,II,4594,Red Pork Tamale Products,Undeclared Allergen,
2009,5,I,2075,Frozen Pork Products,Undeclared Allergen,
2009,5,I,95898,Ground Beef Products,E. coli ,
2009,5,I,350000,Beef and Pork Products,Unapproved Substance,
2009,5,III,14560,Beef Primal and Subprimal Products,Other,
2009,5,III,241000,Ground Beef Products,Extraneous Material,
2009,6,III,153698,Chili No Beans,Misbranding,
2009,6,I,39973,Ground Beef Products,E. coli ,
2009,6,I,564,Duck Leg Confit and Kolbase Sausage,Listeria monocytogenes,
2009,6,I,79312,Various Fully Cooked Ready to Eat Meat and Poultry Products,Processing Defect,
2009,6,I,75,Beef Trim Products,E. coli ,
2009,6,III,2680000,Fully Cooked Ham Products,Undeclared Substance,
2009,6,I,608188,Frozen Poultry Products,Undeclared Allergen,
2009,6,I,6152,Ground Beef Products,E. coli ,
2009,6,I,380000,Beef Products,E. coli ,
2009,6,I,350,Cervelat Sausage Product,Processing Defect,
2009,6,II,208768,Frozen Meat and Poultry Products,Unapproved Substance,
2009,7,I,219,Ground Beef Products,E. coli ,
2009,7,I,466236,Ground Beef Products,Salmonella,
2009,7,I,1450,Ready to Eat Pork Skin Products,Other,
2009,8,I,825769,Ground Beef Products,Salmonella,
2009,8,I,3516,Ground Beef Products,E. coli ,
2009,8,I,128,Ground Beef Products,E. coli ,
2009,8,II,8000,Frozen Pepperoni and Sausage Pizza Products,Undeclared Allergen,
2009,8,I,207,Smoked Beef Products,Listeria monocytogenes,
2009,9,I,39514,Ready to Eat Meal Kits,Listeria monocytogenes,
2009,9,I,6490,Chunky Grilled Steak with Vegetables Canned Soup,Processing Defect,
2009,9,I,2000,Frozen Sausage Products,Undeclared Allergen,
2009,9,I,2268,Beef and Bean Burrito Products,Listeria monocytogenes,
2009,9,I,756,Braunschweiger Sausage Products,Undeclared Allergen,
2009,9,II,28470,Frozen Skinless Sausage Cured Pork Longanisa,Undeclared Allergen,
2009,10,I,925,Ground Beef Products,E. coli ,
2009,10,II,33000,Beef Tongues,Other,
2009,10,I,11500,Meat and Poultry Products,Other,
2009,10,II,5522,Beef Tongues,Other,
2009,10,I,14,Smoked Beef Products,Listeria monocytogenes,
2009,10,I,1039,Ground Beef Patties,E. coli ,
2009,10,II,91125,Canned Chili with Beans,Undeclared Allergen,
2009,10,I,545699,Ground Beef Products,E. coli ,
2009,11,II,20286,Canned Cream of Mushroom Soup,Undeclared Allergen,
2009,11,II,12181,Roast Beef Deli Products,Undeclared Allergen,
2009,11,II,3790,Assorted Meat and Poultry Products,Other,
2009,11,I,90,Ground Beef Products,E. coli ,
2009,11,II,110730,Frozen Beef Steak Fritter Products,Extraneous Material,
2009,12,I,22723,Ground Beef Products,Salmonella,
2009,12,I,68,Ground Beef Products,E. coli ,
2009,12,I,248000,Beef Products,E. coli ,
2009,12,I,312,Ham Products,Listeria monocytogenes,
2010,1,I,205,Pork Skin Products,Undeclared Allergen,
2010,1,I,2574,Beef Products,E. coli ,
2010,1,II,490,Beef Carcass,Other,
2010,1,I,864000,Beef Products,E. coli ,
2010,1,I,19200,Frozen Chicken Pot Pie Products,Extraneous Material,
2010,1,I,1395989,Italian Sausage Products,Salmonella,
2010,1,II,50000,Instant Noodle Products,Other,
2010,2,I,14000,Boneless Beef Products,E. coli ,
2010,2,II,2850,Pork Barbecue Products,Undeclared Allergen,
2010,2,II,750,Frozen Cured Pork Patty Mix,Undeclared Allergen,
2010,2,II,1485,RTE Sausage Products,Extraneous Material,
2010,2,II,16290,Frozen Turkey Patty Products,Undeclared Allergen,
2010,2,I,4900000,Beef and Veal Products,Other,
2010,3,I,96000,Beef Products,E. coli ,
2010,3,III,186,Baken-ets Fried Pork Skins,Undeclared Substance,
2010,3,I,6000,RTE Bacon Base Product,Salmonella,
2010,3,I,115700,RTE Beef Product,Salmonella,
2010,3,I,1700000,RTE Beef Taquitos and Chicken Quesadilla Products,Salmonella,
2010,3,I,9400,Enchilada Products,Undeclared Allergen,
2010,3,I,12382,Asian-Style Meat and Poultry Products,Other,
2010,3,II,10368,Italian Turkey Sausage Products,Undeclared Allergen,
2010,4,I,100,Ham Products,Listeria monocytogenes,
2010,4,II,25000,Whole Beef Heads,Other,
2010,4,II,140000,Fully Cooked Assorted Meat Products,Undeclared Allergen,
2010,4,I,135500,Beef Trim Products,E. coli ,
2010,4,I,414,Brunswick Stew Products,Undeclared Allergen,
2010,5,I,460,Fully Cooked Crumbled Pork Sausage Products,Listeria monocytogenes,
2010,5,I,822,Prosciutto Products,Listeria monocytogenes,
2010,5,I,70,Prosciutto Products,Listeria monocytogenes,
2010,5,II,40,Buffalo Style Chicken Salad Products,Extraneous Material,
2010,5,II,49600,Fully Cooked Mini Pretzel Dog Products,Other,
2010,5,I,250,Chicken and Beef Puff Products,Undeclared Allergen,
2010,5,II,87000,Imported Beef Products,Residue,
2010,5,I,53000,Ground Beef Products,E. coli ,
2010,6,I,15000000,SpaghettiOs with Meatballs,Processing Defect,
2010,6,I,6740000,Cheesy Chicken And Rice Frozen Meals,Salmonella,
2010,6,I,3700,Ground Beef Products,E. coli ,
2010,6,I,35000,Ground Beef Products,E. coli ,
2010,6,II,61000,Cooked Canned and Frozen Beef Products,Residue,
2010,6,II,109800,BBQ Chicken Pizza Products,Extraneous Material,
2010,6,III,600,Beef Stroganoff with Noodles,Misbranding,
2010,6,I,9408,Cervelat Summer Sausage,Undeclared Allergen,
2010,7,I,66776,Ground and Tenderized Steak Bison Products,E. coli ,
2010,7,II,8000,Beef Jerky Products,Undeclared Allergen,
2010,7,I,17,Fully Cooked Turkey Breast Products,Listeria monocytogenes,
2010,7,II,91872,Frozen Chicken Nugget Products,Extraneous Material,
2010,8,I,147667,Canned Meatball Products,Undeclared Allergen,
2010,8,I,1000000,Frozen Ground Beef Patties and Bulk Ground Beef Products,E. coli ,
2010,8,I,380000,Deli Meat Products,Listeria monocytogenes,
2010,8,I,8500,Ground Beef Products,E. coli ,
2010,9,I,2070,Cooked Shredded Pork Skin Products,Other,
2010,9,III,258000,Cooked Beef Products,Other,
2010,9,II,29893,Cured Uncooked Pork Ginger Sausage,Undeclared Allergen,
2010,10,III,1608,Spicy Vegetable Potstickers,Misbranding,
2010,10,I,4920,RTE Pork Barbecue Products,Salmonella,
2010,10,II,2740,Beef Stick Products,Extraneous Material,
2010,10,II,54000,RTE Pork Products,Other,
2010,11,I,12086,Canned Meat and Poultry Products,Processing Defect,
2010,11,I,7325,RTE Chicken Pasta Salad Products,Salmonella,
2010,11,I,2609,Fully Cooked RTE Smoked Turkey Breast Products,Listeria monocytogenes,
2010,11,I,57,Meat and Cheese Roll Appetizer Products,Listeria monocytogenes,
2010,12,I,41670,Chicken Tamales,Undeclared Allergen,
2010,12,II,72000,Canned Chicken Salad Products,Extraneous Material,
2010,12,II,2182,Raw Pork Paste & RTE Fried Pork Loaf Products,Undeclared Allergen,
2010,12,I,14430,Saut‚ed Chicken Products,Undeclared Allergen,
2010,12,II,25600,Ground Beef Products,Other,
2010,12,II,3874,Teriyaki Beef Jerky Products,Undeclared Allergen,
2010,12,I,180000,Breaded Chicken Wing Products,Undeclared Allergen,
2010,12,I,34373,Organic Ground Beef Products,E. coli ,
2011,1,III,600,Frozen Chicken Mushroom Pies,Undeclared Substance,
2011,1,I,144633,Frozen Meat and Poultry Tamale Products,Undeclared Allergen,
2011,1,II,247800,Ground Beef Products,Other,
2011,1,III,101629,"Breakfast Stackers Sausage, Egg & Cheese",Undeclared Substance,
2011,1,II,2234,Beef Trim,Other,
2011,1,I,7875,RTE Angus Beef Patties,Listeria monocytogenes,
2011,1,II,654,Frozen Veal Ravioli Products,Undeclared Allergen,
2011,2,I,3170,Ground Beef Products,E. coli ,
2011,2,I,4680,Barbecue Pork Products,Undeclared Allergen,
2011,2,III,1050,Chicken and Noodle Products,Other,
2011,2,III,87,Buffalo Chicken Cheese Dip Products,Undeclared Substance,
2011,2,II,3339,Whole Chicken Products,Other,
2011,2,I,775,Chicken and Mushroom Pie Products,Undeclared Allergen,
2011,3,I,64000,Chicken and Pork Products,Listeria monocytogenes,
2011,3,I,14158,Ground Beef Products,E. coli ,
2011,3,I,2997,Bologna Products,Processing Defect,
2011,3,I,83,Red Meat Jerky Products,Undeclared Allergen,
2011,3,II,5125,Honey Cured Turkey Sticks,Undeclared Allergen,
2011,3,II,10260,Frozen Spaghetti and Meatball Entrees,Extraneous Material,
2011,3,III,612,Pork Loin Cutlet Fritter Products,Undeclared Substance,
2011,3,I,2790,Southwest Style Chicken Products,Undeclared Allergen,
2011,3,III,2130,Smoked Ham and Bacon Products,Undeclared Substance,
2011,3,I,23000,Lebanon Bologna Products,E. coli ,
2011,3,II,131000,Pizza Products,Undeclared Allergen,
2011,3,I,53210,"Frozen, Cooked Italian Style Chicken Breast Fillet Products",Undeclared Allergen,
2011,4,I,54960,"Frozen, Raw Turkey Burger Products",Salmonella,
2011,4,II,87,Teriyaki Flavored Kippered Turkey and Beef Products,Undeclared Allergen,
2011,4,II,772,Beef Jerky Products,Undeclared Allergen,
2011,4,I,188181,Reduced Sodium Chicken Noodle Soup,Undeclared Allergen,
2011,5,I,216238,Portobello Mushroom Flavored Pork Loins,Undeclared Allergen,
2011,5,I,22000,RTE Fresh Salad Products,Salmonella,
2011,5,II,285100,"Barbecue Beef, Pork and Chicken Products",Undeclared Allergen,
2011,5,II,18648,Chicken Products,Undeclared Allergen,
2011,5,III,252,Kippered Beef,Undeclared Substance,
2011,5,I,15900,RTE Deli Meat Products,Listeria monocytogenes,
2011,5,I,500,Ground Beef Products,E. coli ,
2011,5,I,770,Asian Chicken Noodle Salad,Undeclared Allergen,
2011,5,I,900,Ground Beef Products,E. coli ,
2011,6,III,22594,Chicken and Ham Salad Products,Undeclared Substance,
2011,6,II,84000,Cooked Beef and Pork Meatball Products,Undeclared Allergen,
2011,6,I,5160,Burgoo Soup,Undeclared Allergen,
2011,6,I,3200,Raw and RTE Sausage Products,Other,
2011,6,I,36,Pork Egg Rolls,Undeclared Allergen,
2011,6,I,5700,Boneless Serrano Ham Products,Listeria monocytogenes,
2011,7,I,18416,"Boneless, Fully Cooked Ham Products",Listeria monocytogenes,
2011,7,I,1550,Convenience Meals,Listeria monocytogenes,
2011,7,I,137,RTE Smoked Duck Breast Products,Salmonella,
2011,7,I,197,RTE Smoked Duck Breast Products,Salmonella,
2011,7,I,7105,"RTE Chicken, Turkey, Beef and Pork Products",Listeria monocytogenes,
2011,7,II,4530,Marinated Beef Products,Undeclared Allergen,
2011,7,I,18412,RTE Chicken Products,Listeria monocytogenes,
2011,7,II,6200,Various Beef Jerky Products,Undeclared Allergen,
2011,7,II,2560,Chopped Beef Products,Other,
2011,7,I,2900,Diced Bacon Products,Listeria monocytogenes,
2011,7,I,228596,Beef Products,E. coli ,
2011,7,II,6240,Frozen Boneless Beef Products,Residue,
2011,7,II,33,Teriyaki-Flavored Beef Jerky Products,Undeclared Allergen,
2011,8,I,36000000,Fresh and Frozen Ground Turkey Products,Salmonella,
2011,8,III,10668,Beef Patty Products,Extraneous Material,
2011,8,I,2200,Ground Beef Products,E. coli ,
2011,8,I,380000,Diced Bacon Products,Listeria monocytogenes,
2011,8,I,60424,Ground Beef Products,E. coli ,
2011,8,I,24,Summer Sausage Products,Undeclared Allergen,
2011,8,III,1642,Ground Beef Products,Extraneous Material,
2011,8,I,28782,Chicken Sausage Products,Undeclared Allergen,
2011,8,I,52191,Chicken Caesar Salad Products,Undeclared Allergen,
2011,8,I,229,Chicken Caesar Salads,Undeclared Allergen,
2011,8,I,599,Chicken Caesar Salad Products,Undeclared Allergen,
2011,9,I,185000,Fresh Ground Turkey Products,Salmonella,
2011,9,I,11000,"Chicken, Beef, Veal and Pork Dumpling Products",Undeclared Allergen,
2011,9,I,360,Breaded Chicken Breast Products,Processing Defect,
2011,9,II,72,Tongue and Blood Sausage,Undeclared Allergen,
2011,9,I,40000, Frozen Fine Ground Beef Products ,E. coli ,
2011,9,I,5550,Pureed Pork Products,Extraneous Material,
2011,9,I,131300,Ground Beef Products,E. coli ,
2011,9,I,80000,Beef Products,E. coli ,
2011,10,I,57,Salad Products,Salmonella,
2011,10,I,377775,Ground Beef Products,E. coli ,
2011,10,II,875,Center Cut Steaks,Undeclared Allergen,
2011,10,II,15760,Frozen Chicken and Steak Fajita Products,Other,
2011,10,II,2325,"Fully Cooked, Skinless Turkey Breast Products",Undeclared Allergen,
2011,10,II,22100,Carne Guisada,Undeclared Allergen,
2011,10,I,4100,RTE Meals,Other,
2011,10,III,8888,Frozen Meat and Poultry Pie Products,Unapproved Substance,
2011,10,II,11390,Chicken Pot Pie Empanadas,Extraneous Material,
2011,11,I,126,Beef Jerky Products,Salmonella,
2011,11,III,63,Veal Russian Brand Dumplings,Other,
2011,11,I,1080,Stuffed Chicken Products,Undeclared Allergen,
2011,11,II,1010,British Style Banger Sausages,Undeclared Allergen,
2011,11,I,456,Chicken Sausages,Undeclared Allergen,
2011,12,II,500,Frozen Pureed Chicken Products,Undeclared Allergen,
2011,12,II,161000,Frozen Stuffed Pasta Products,Other,
2011,12,I,4140,Cooked Chicken Breasts,Listeria monocytogenes,
2011,12,II,2290,Chorizo Sausage Product,Undeclared Allergen,
2011,12,II,130,Meatloaf Entr‚es,Undeclared Allergen,
2011,12,I,40948,Ground Beef Products,E. coli ,
2011,12,I,7500,Marinated Beef and Chicken Products,Undeclared Allergen,
2012,1,I,3104,Seasoned Diced Beef Products,Extraneous Material,
2012,1,I,2645,Beef Sirloin Products,Undeclared Allergen,
2012,1,I,118,Julienne Salad Products,Listeria monocytogenes,
2012,2,I,23,Chef Salad Products,Listeria monocytogenes,
2012,2,I,515,Cobb Salad Products,Listeria monocytogenes,
2012,2,I,389,Cobb and Spinach Salads,Listeria monocytogenes,
2012,2,I,1200,Chicken Salad Products,Listeria monocytogenes,
2012,2,II,25600,Cooked Pork Hocks,Undeclared Allergen,
2012,2,I,3800,Chili Products,Other,
2012,2,III,200,Country Breakfast Sausage,Undeclared Substance,
2012,3,II,147,Frozen RTE Pizza Stick Products,Other,
2012,3,II,12060,Pizza Topping Products,Undeclared Allergen,
2012,3,I,1784,Grilled Chicken Caesar Wrap,Undeclared Allergen,
2012,3,III,84587,Pork Product,Other,
2012,3,I,2373,RTE Beef Sausage Products,Listeria monocytogenes,
2012,3,I,16800,Ground Beef Patties,E. coli ,
2012,3,I,64020,Smoked Sausage Product,Undeclared Allergen,
2012,3,I,1100,"Stuffed, Layered Beef Products",Listeria monocytogenes,
2012,3,I,187,Chicken Products,Undeclared Allergen,
2012,3,II,26136,Chicken Apple Sausage Products,Extraneous Material,
2012,4,I,5400,Stuffed Potato Product,Undeclared Allergen,
2012,4,III,50820,Steamed BBQ Flavored Pork Buns,Undeclared Substance,
2012,4,I,2057,Ground and Tenderized Beef Products,E. coli ,
2012,4,II,16890,Frozen Entr‚es,Undeclared Allergen,
2012,4,I,3000,Sausage Products,Undeclared Allergen,
2012,4,I,311,Pizza Calzone Products,Listeria monocytogenes,
2012,5,II,5156,Chorizo Product,Undeclared Allergen,
2012,5,II,3300,Beef Samosa Products,Other,
2012,5,I,20520,Lamb Koftis,Undeclared Allergen,
2012,5,II,15040,Turkey Burger Product,Undeclared Allergen,
2012,5,II,456,Steakhouse Burgers,Undeclared Allergen,
2012,5,II,13776,Lasagna Products,Undeclared Allergen,
2012,5,II,3660,Smoked Bratwurst Product,Undeclared Allergen,
2012,5,II,100,"Frozen, Raw Chicken Breast Product",Undeclared Allergen,
2012,6,II,13200,Raw and RTE Pork Roll Products,Undeclared Allergen,
2012,6,I,400,RTE Pork Product,Listeria monocytogenes,
2012,6,I,96408,Meat Lasagna Products,Undeclared Allergen,
2012,6,III,55757,Pork Dumpling Products,Undeclared Substance,
2012,6,I,3534,Raw Stuffed Chicken Product,Undeclared Allergen,
2012,6,III,1350,Ground Smoked Bacon Product,Extraneous Material,
2012,7,I,324770,"Frozen, RTE Meat and Poultry Meatballs",Listeria monocytogenes,
2012,7,II,94850,Corn Chowder Soup Products,Extraneous Material,
2012,7,I,72510,"Frozen, RTE Meat and Poultry Meatballs",Listeria monocytogenes,
2012,7,I,29339,Ground Beef Products,Salmonella,
2012,7,I,79,Chicken and Yam Pie Products,Undeclared Allergen,
2012,7,I,5610,Barbeque Chicken Salads,Listeria monocytogenes,
2012,7,I,735,RTE Chipotle Chicken Wrap Products,Listeria monocytogenes,
2012,7,I,314,Sausage Products,Listeria monocytogenes,
2012,7,II,70500,Canned Premium Chunk Chicken,Undeclared Allergen,
2012,8,I,13600,Meat and Poultry Salad Products,Listeria monocytogenes,
2012,8,II,37600,Frozen Bacon Cheeseburger Patties,Extraneous Material,
2012,8,I,15880,RTE Meat and Poultry Products,Listeria monocytogenes,
2012,8,III,6210,Chorizo Sausage,Undeclared Substance,
2012,8,I,38200,Beef Products,E. coli ,
2012,8,II,4100,Meat and Poultry Soup Products,Extraneous Material,
2012,8,II,48000,Turkey Sausage with Cheddar Cheese Products,Extraneous Material,
2012,8,III,605,Frozen Boneless Rib-Shaped Patties with BBQ Sauce,Other,
2012,8,I,77688,Grilled Chicken Caesar Salad Kits,Salmonella,
2012,8,III,2920,Frozen Bratwurst Patties,Extraneous Material,
2012,9,II,2250,Crunchy Chicken Strip Products,Extraneous Material,
2012,9,I,1305,Bratwurst Sausage Products,Undeclared Allergen,
2012,9,I,16576,Corn Dog Products,Undeclared Allergen,
2012,10,II,3744,Chicken Quesadilla Product,Undeclared Allergen,
2012,10,I,67269,Boneless Chicken Wyngz,Undeclared Allergen,
2012,10,I,8200,Various Beef and Pork Products,Other,
2012,10,III,1768600,Maple Sausage Links and Patties,Undeclared Substance,
2012,10,I,2310,Ground Beef Products,E. coli ,
2012,10,I,4100,Ground Beef Products,E. coli ,
2012,10,II,11400,Frozen Chicken Enchilada Products,Extraneous Material,
2012,11,I,1440,Chicken Breast Nugget Products,Undeclared Allergen,
2012,11,II,28528,"Frozen, Fully Cooked Chicken Products",Extraneous Material,
2012,11,II,99,Beef Tongue Products,Other,
2012,11,I,90975,Bourbon Barbecue Sausage Products,Processing Defect,
2012,11,III,16100,Kielbasa Products,Extraneous Material,
2012,11,III,1331,Chicken Empanadas,Undeclared Substance,
2012,11,III,271,Jalape¤o Vienna Sausage Products,Undeclared Substance,
2012,12,I,2375,RTE Beef and Cheese Pie Products,Other,
2012,12,II,35800,Breaded Chicken Products,Extraneous Material,
2012,12,I,2650,Mortadella,Undeclared Allergen,
2012,12,I,6039,Pigs in the Blanket Products,Undeclared Allergen,
2012,12,I,2320,Frozen Honey BBQ Chicken Wing Products,Undeclared Allergen,
2013,1,I,2532,Ground Beef Products,E. coli ,
2013,1,I,2764,Poultry Products,Other,
2013,1,I,1572,Chicken Nuggets,Undeclared Allergen,
2013,1,I,33500,Cooked Meat and Poultry Products,Listeria monocytogenes,
2013,1,III,79400,Marinated Pork and Chicken Products,Undeclared Substance,
2013,1,I,4700,Head Cheese,Salmonella,
2013,1,I,500,Ground Beef,Salmonella,
2013,1,I,550,Ground Beef,Salmonella,
2013,1,I,1200,Chicken Fried Chicken Breasts,Extraneous Material,
2013,1,II,213,Beef Jerky,Undeclared Allergen,
2013,1,I,1260,Veal Trimmings,E. coli ,
2013,1,II,685,Tamales,Undeclared Allergen,
2013,2,I,4454,Liver Pƒt‚,Undeclared Allergen,
2013,2,I,15328,Country Fried Steaks,Extraneous Material,
2013,2,I,315,Roast Beef,Listeria monocytogenes,
2013,2,II,38000,Mild Pork Sausage Roll,Extraneous Material,
2013,2,II,8424,Chicken Sausage Product,Extraneous Material,
2013,3,I,6586,Ham Products,Other,
2013,3,II,25000,Bolognese Sauce,Undeclared Allergen,
2013,3,I,6120,Chicken Sausages,Listeria monocytogenes,
2013,3,I,2433,Pork Products,Other,
2013,3,III,5820,Ground Beef,Extraneous Material,
2013,3,II,15270,Bone-in Ribeye,Other,
2013,3,I,10500000,Frozen Meal and Snack Products,E. coli ,
2013,4,I,127000,Breaded Chicken Products,Undeclared Allergen,
2013,4,II,1133,Pork Jerky,Undeclared Allergen,
2013,4,I,468000,RTE Deli Meats,Listeria monocytogenes,
2013,5,I,25000,Frozen Pasta Products,Other,
2013,5,I,234,Chorizo and Mozzarella Roll,Undeclared Allergen,
2013,5,I,97000,Frozen Pizzas,Extraneous Material,
2013,5,I,123,RTE Meatballs,Listeria monocytogenes,
2013,5,I,200,Pork Sausages,Other,
2013,5,I,17037,Stew Products,Undeclared Allergen,
2013,5,I,1471,Pork Pies,Undeclared Allergen,
2013,5,II,6165,RTE Grilled Chicken Strips,Undeclared Allergen,
2013,6,I,2025,Beef Lasagna,Undeclared Allergen,
2013,6,I,678,BBQ Flavored Ranch Salad with Chicken,Undeclared Allergen,
2013,6,II,1800,Beef Jerky,Undeclared Allergen,
2013,6,I,22737,Ground Beef,E. coli ,
2013,6,II,18000,Mechanically Separated Chicken,Extraneous Material,
2013,6,II,12560,Blue Cheese Chicken Dip Products,Undeclared Allergen,
2013,7,I,50100,Ground Beef,E. coli ,
2013,7,I,2486,Frozen Chicken Meals,Undeclared Allergen,
2013,8,I,12600,Boneless Veal,E. coli ,
2013,8,II,69123,Cured Pork Products,Undeclared Allergen,
2013,8,I,109,Beef Jerky,Processing Defect,
2013,8,I,116404,Beef Pattie and Chub Products,Undeclared Allergen,
2013,8,I,1740,Spaghettios,Undeclared Allergen,
2013,9,I,1650,Calzones,Undeclared Allergen,
2013,9,I,690,Beef Tongue Root Filet Products,E. coli ,
2013,9,I,420,Provance French Puff Pastry Product,Undeclared Allergen,
2013,9,I,169655,Ravioli Products,Other,
2013,9,I,58240,Ground Beef,Extraneous Material,
2013,9,I,132950,RTE Chicken and Ham Products,Other,
2013,9,II,17194,Frozen Pizza Products,Undeclared Allergen,
2013,10,III,89720,Ground Beef,Extraneous Material,
2013,10,I,39755,Rotisserie Chicken Products,Salmonella,
2013,10,I,22800,Various RTE Products,Listeria monocytogenes,
2013,10,I,222959,RTE Chicken Salad Products,Listeria monocytogenes,
2013,10,I,27933,RTE Broccoli Salad Kits,Listeria monocytogenes,
2013,10,II,13118,Salami Products,Other,
2013,11,III,809,Chicken Sausage,Undeclared Substance,
2013,11,I,181620,RTE Salads and Wraps,E. coli ,
2013,11,I,251,Poultry Products,Other,
2013,11,II,101,RTE Pork Roast Products,Other,
2013,11,I,156924,Chicken Fettuccine Alfredo Products,Undeclared Allergen,
2013,11,I,5616,Bolognese Sauce Products,Undeclared Allergen,
2013,11,III,3536,"Smoked, Uncured Hams",Other,
2013,12,I,2600,Prosciutto Ham Product,Listeria monocytogenes,
2013,12,II,22368,Chicken Noodle Soup,Undeclared Allergen,
2013,12,I,90000,Meat and Poultry Products,Other,
2013,12,I,740,Dried Sausage Products,Processing Defect,
2013,12,I,24784,"Frozen, Raw Chicken Products",Other,
2014,1,I,33840,Mechanically Separated Chicken Products,Salmonella,
2014,1,I,42103,Various Beef Products,Other,
2014,1,I,2664,Beef Franks,Undeclared Allergen,
2014,1,II,130000,Beef and Pork Products,Undeclared Allergen,
2014,1,I,67113,Spiral Hams,Listeria monocytogenes,
2014,1,II,1770000,Cheeseburger Mac Products,Undeclared Allergen,
2014,1,II,1250000,Frozen Chicken Products,Undeclared Allergen,
2014,1,I,2446,Chicken Salad Products,Undeclared Allergen,
2014,2,II,144000,Various Meat and Poultry Products,Undeclared Allergen,
2014,2,I,15865,Beef Products,E. coli ,
2014,2,I,54673,Chicken Noodle Soup,Undeclared Allergen,
2014,2,I,365,Beef Jerky,Processing Defect,
2014,2,I,8742700,Various Beef Products,Other,
2014,2,II,90000,Beef Jerky Products,Undeclared Allergen,
2014,2,I,309594,Dried Egg Products,Salmonella,
2014,2,II,8895,Various Meat Products,Other,
2014,2,I,1282,Liver Pƒt‚,Other,
2014,3,I,29200,Chicken Products,Undeclared Allergen,
2014,4,I,8730,Chicken Products,Undeclared Allergen,
2014,4,I,633,Fettuccini Alfredo with Chicken Products,Undeclared Allergen,
2014,4,II,75320,Chicken Nugget Products,Extraneous Material,
2014,4,II,5723,Salami Type Products,Other,
2014,4,I,24000,Chicken Breast Tenders Products,Undeclared Allergen,
2014,4,I,96000,Hot Dog Products,Undeclared Allergen,
2014,4,I,36,Baby Back Ribs,Other,
2014,4,II,350,Barbecue Pork Products,Undeclared Allergen,
2014,5,I,130,Curry Chicken Salad,Listeria monocytogenes,
2014,5,I,222000,Pork and Poultry Products,Other,
2014,5,III,449000,Pork Products,Other,
2014,5,I,1800000,Ground Beef Products,E. coli ,
2014,5,I,23250,Chicken Breast and Tender Products,Undeclared Allergen,
2014,5,I,568503,Beef Products,Undeclared Allergen,
2014,5,III,363,Boneless Skinless Chicken Breasts ,Other,
2014,6,II,4012,Ribeye and Carcass Products,Other,
2014,6,I,3156,Turkey Base,Undeclared Allergen,
2014,6,I,12180,Chicken Pad Thai,Undeclared Allergen,
2014,6,II,3660,Slab Bacon,Undeclared Allergen,
2014,6,I,332,Pork Mini Buns Products,Undeclared Allergen,
2014,6,II,1761,Sausage Products,Undeclared Allergen,
2014,6,III,34,Pork Products,Undeclared Substance,
2014,6,II,14760,Raw Pork Nugget Products,Undeclared Allergen,
2014,6,II,5896,Deli Ham Product,Extraneous Material,
2014,7,I,75465,Beef Products,Extraneous Material,
2014,7,I,0,Chicken Products,Salmonella,
2014,7,I,59,Various Chicken Products,Other,
2014,7,I,202,Grilled Chicken Product,Undeclared Allergen,
2014,7,II,82440,Sausage Product,Undeclared Allergen,
2014,7,I,475,Ready-to-Eat Products,Listeria monocytogenes,
2014,7,I,2476,Raw Boneless Turkey Breasts,Undeclared Allergen,
2014,8,I,106800,Sausage Product,Undeclared Allergen,
2014,8,III,57578,Chicken Strip Products,Processing Defect,
2014,8,II,15306,Chicken Nugget Product,Extraneous Material,
2014,8,I,368,Ground Beef Products,E. coli ,
2014,8,I,92657,Chicken Caesar Salad Kits,Listeria monocytogenes,
2014,8,I,8316,Breaded Chicken Product,Listeria monocytogenes,
2014,9,II,720,"Fresh, Raw Chicken Products",Processing Defect,
2014,9,I,4820,Pork Sausage,Undeclared Allergen,
2014,9,I,0,Beef Jerky Products,Other,
2014,9,I,607, Uncured Beef Corn Dogs,Other,
2014,9,I,39747,Frozen Chicken Breast Strips,Listeria monocytogenes,
2014,9,I,23100,Beef Products,E. coli ,
2014,9,I,8,Beef Jerky Products,Other,
2014,9,III,2633,Ground Beef,Extraneous Material,
2014,10,I,160,Pork Blood Product,Other,
2014,10,I,48,Beef Jerky Products,Other,
2014,10,II,90987,Ground Beef Products,Extraneous Material,
2014,10,I,540,Beef Products,Processing Defect,
2014,10,I,62488,Meat and Poultry Products,Listeria monocytogenes,
2014,10,I,1008,Italian Style Wedding Soup,Undeclared Allergen,
2014,10,II,115505,Chicken Products,Undeclared Allergen,
2014,10,I,27948,Lamb Products,Other,
2014,10,II,377,Salad with Chicken,Undeclared Allergen,
2014,10,I,28980,Chicken Products,Salmonella,
2014,10,I,31689,Chicken Products,Other,
2014,10,I,25765,Boudin Products,Other,
2014,11,I,6560,Pork Products,Undeclared Allergen,
2014,11,II,4465,Frozen Pork Products,Undeclared Allergen,
2014,11,I,2059,Pierogi Products,Undeclared Allergen,
2014,11,I,1208951,Pretzel Dog Products,Undeclared Allergen,
2014,11,II,2902,Pork Products,Undeclared Allergen,
2014,11,I,14,Sausage Products,Undeclared Allergen,
2014,11,I,1200,Ground Beef Products,E. coli ,
2014,12,I,44372,Pork Belly Product,Other,
2014,12,II,308,Chef Salads with Ham and Turkey,Undeclared Allergen,
2014,12,III,2719,Spicy Sausage Pasta Products,Other,
2014,12,III,80050,Hickory Smoked Sliced Bacon,Undeclared Substance,
2014,12,I,26108,Pork Products,Other,
2014,12,III,3450,Sliced Uncured Apple Smoked Bacon ,Other,
2014,12,I,190450,Pork Products,Undeclared Allergen,
2014,12,I,83666,Pork products,Undeclared Allergen,
2014,12,I,55813,Chicken and Beef Products,Undeclared Allergen,
2014,12,I,38400,Beef and Pork Products,Undeclared Allergen,
2014,12,I,5300,Chicken Products,Undeclared Allergen,
2014,12,I,4474,Canned Soup Products,Undeclared Allergen,
2015,1,I,35275,Australian Bone-In Lamb Shoulder,Other, 
2015,1,I,359,Boneless Beef,Other,
2015,1,I,35865,Chili With Beans,Undeclared Allergen,
2015,1,I,48139,RTE Beef and Pork Products,Extraneous Material,
2015,1,I,7092,Halal Beef Soujouk Dried Beef Sausage,Undeclared Allergen,
2015,1,I,1062,Smoked Pork Andouille Sausage,Undeclared Allergen,
2015,1,I,700,Beef Cut Strips for Fajita,Undeclared Allergen,
2015,1,III,33948,Ground Beef,Extraneous Material,
2015,1,I,1690,Beef Franks Hot & Spicy Chipotle,Undeclared Allergen,
2015,1,I,931,Tasso,Undeclared Allergen,
2015,1,I,48210,Chorizo,Undeclared Allergen,
2015,1,I,869,Beef and Chicken Products,Undeclared Allergen,
2015,1,I,3233,Iberico Pork Ham,Other,
2015,1,I,8856,La Guadalupana Chicken Tamales,Other,
2015,1,I,168473,Dehydrated Pork Broth,Other,
2015,1,I,14130,Chicken and Beef,Undeclared Allergen,
2015,1,I,130,Three Little Pigs French Pork Rillettes,Other,
2015,1,I,1819,"Beef, Chicken and Pork",Undeclared Allergen,
2015,1,I,1140,Teriyaki Flavored ChicNSteakes,Undeclared Allergen,
2015,1,I,17700,Chicken Breast Fritters,Undeclared Allergen,
2015,1,I,376,"Rabbit, Elk, Duck Sausage",Undeclared Allergen,
2015,1,I,1620,Beef Trim,E. coli,
2015,1,I,14610,Ginseng Chicken Stew,Other,
2015,1,I,2863,Smokehouse Deli Karpatskaya Smoked Salami,Processing Defect,
2015,1,I,529,Natural Dehydrated Pork Broth,Other,
2015,1,I,42,Seasoned St. Louis Style Ribs,Undeclared Allergen,
2015,1,I,70077,Cooked Pork,Undeclared Allergen,
2015,2,III,29,Beer Bratwurst,Other,
2015,2,I,2705,Poultry Products,Other,
2015,2,I,33191,Ready To Eat Products,Undeclared Allergen,
2015,2,I,1999,Boneless Beef Products,Other,
2015,2,II,4287,Pork Sausage Products,Undeclared Allergen,
2015,2,I,59,Egg Sausage and Cheese Tortilla,Undeclared Allergen,
2015,2,I,21427,RTE Beef Patties,Listeria monocytogenes,
2015,2,I,50904,Frozen Pork Belly,Other,
2015,2,II,42669,RTE Link Sausages,Undeclared Allergen,
2015,3,I,32,Beef Jerky,Processing Defect,
2015,3,II,126705,Beef Products,Undeclared Allergen,
2015,3,II,1400,Bavarian Meats Bavarian Brand Loaf,Undeclared Allergen,
2015,3,I,50953,Pork and Beef Products,Other,
2015,3,I,58180,Ready-To-Eat Beef Products,Listeria monocytogenes,
2015,3,I,10429,Chicken Products,Undeclared Allergen,
2015,3,II,30665,Uncured Bacon Bits,Undeclared Allergen,
2015,3,I,644,Fried Pork Skin,Other,
2015,3,II,16722,Various Beef and Chicken Products,Undeclared Allergen,
2015,3,II,3700,Beef Products,Undeclared Allergen,
2015,3,III,134,Buffalo Jerky,Other,
2015,3,I,31851,Stone Ridge Roasted Garlic Pork Tenderloin,Undeclared Allergen,
2015,3,I,232,Pork Potstickers and Chicken Dim Su,Undeclared Allergen,
2015,3,I,385,Pork and Beef Products,Other,
2015,3,III,2149,Roast Beef,Other,
2015,3,III,62841,Flap Meat Tb,Other,
2015,4,I,1108,Canned Corned Beef,Other,
2015,4,I,4,RTE Smoked Beef and Pork Product,Listeria monocytogenes,
2015,4,I,902,"Raw Cuts Of Beef, Lamb and Goat",Other,
2015,4,I,450,Beef and Chicken Burritos,Other,
2015,4,I,34923,Pork and Chicken Tamale,Undeclared Allergen,
2015,4,III,8294,Ground Beef,Extraneous Material,
2015,4,II,15600,"Pork Yucatan, Tamales, Beef Brisket",Undeclared Allergen,
2015,4,I,1800,Veal Carcasses,Other,
2015,4,I,1920,Chicken Baby Food,Extraneous Material,
2015,4,II,569,"Cured Ham, Bacon and Jowls",Other,
2015,4,I,3821,Beef and Chicken Blintzes,Undeclared Allergen,
2015,4,I,2129,Cured and Uncured Pork,Processing Defect,
2015,4,III,737,Smoked Turkey and Beef Items,Undeclared Substance,
2015,4,II,59203,Fully Cooked Chicken Sausage Products,Other,
2015,4,I,34075,Grilled Chicken Breast Products,Extraneous Material,
2015,4,I,10164,Beef and Pork Products,Undeclared Allergen,
2015,4,II,3350,Beef and Pork Products,Undeclared Allergen,
2015,4,I,1029,Beef Products,E. coli,
2015,4,I,9073384,Beef and Chicken Products,Undeclared Allergen,
2015,4,II,159291,Dried Beef Sausage,Undeclared Allergen,
2015,5,II,4672,Chicken Noodle Soup,Other,
2015,5,II,22,Ground Beef,Extraneous Material,
2015,5,I,665,Beef Products,Undeclared Allergen,
2015,5,II,1729,Raw Pork and Chicken Sausage Products,Undeclared Allergen,
2015,5,II,46612,Barbequed Pork With Sauce,Undeclared Allergen,
2015,5,II,414,Pork and Veal Stuffing Product,Undeclared Allergen,
2015,5,II,2191,Chicken and Turkey Products,Unapproved Substance,
2015,5,I,2522,Boneless Veal Trim Products,E. coli,
2015,5,I,598374,"Chicken, Beef and Pork Products",Other,
2015,5,II,12,Roast Beef,Undeclared Allergen,
2015,5,II,4038,Pork Products,Other,
2015,5,I,18000,Turkey and Cheese Lunch Kits,Undeclared Allergen,
2015,6,I,16000,Ground Beef Products,E. coli,
2015,6,II,29052,Poultry and Pork Products,Other,
2015,6,I,49308,Pork Sausage Products,Extraneous Material,
2015,6,II,11670,Chicken and Turkey Sausage Products,Other,
2015,6,II,93006,Poultry Products,Undeclared Allergen,
2015,6,II,529,Beef Tongue,Other,
2015,6,I,36,Pork Products,Other,
2015,6,II,25380,Pork Sausage,Undeclared Allergen,
2015,6,III,668316,Poultry Products,Undeclared Substance,
2015,6,I,2478,Pork and Beef Products,Listeria monocytogenes,
2015,6,I,67232,Beef Products,Other,
2015,7,I,1765814,Raw Stuffed Poultry Products,Salmonella,
2015,7,I,26975,Beef Products,E. coli,
2015,7,I,1540,Beef Lips,Other,
2015,7,II,495,Turkey Sausage Products,Extraneous Material,
2015,7,I,20232,Gluten-Free Breaded Chicken Product,Other,
2015,7,I,2539680,Raw Stuffed and Breaded Chicken,Salmonella,
2015,7,III,5960,Sausage Products,Other,
2015,7,III,778,Salad Products With Bacon,Undeclared Substance,
2015,7,I,12672,Squab,Other,
2015,7,I,3574,Poultry and Pork Products,Other,
2015,8,II,17,Beef Sausages,Other,
2015,8,II,7368,Cut-Up Chicken Products,Other,
2015,8,I,185,Jambalaya With Chicken and Andouille,Undeclared Allergen,
2015,8,I,523380,Whole Roaster Hogs & Assorted Pork,Salmonella,
2015,8,I,3950,Beef Tallow,Other,
2015,8,II,2068467,"Oscar Mayer Turkey Bacon, Variety",Other,
2015,8,II,6644,Duck Head and Duck Neck Products,Undeclared Allergen,
2015,8,III,20063,Marinated Boneless Beef Tender Tip,Undeclared Allergen,
2015,8,I,41,Kung Pao-Style Chicken Wrap,Undeclared Allergen,
2015,8,I,7228,Canned Corned Beef,Other,
2015,8,III,501509,Quarter Pound Beef Patties,Undeclared Substance,
2015,9,I,89235,Pork Sausage Products,Extraneous Material,
2015,9,I,5391,Salami,Undeclared Substance,
2015,9,I,20,Ground Beef,E. coli,
2015,9,I,18406,Pork Rinds,Undeclared Allergen,
2015,9,I,1280,Parma Boneless Ham,Other,
2015,9,I,554090,Poultry Products,Extraneous Material,
2015,9,II,216,Chicken Product,Undeclared Allergen,
2015,9,I,230,Frozen Beef and Pork Products,Undeclared Allergen,
2015,10,I,12566,"Beef, Pork, and Poultry",Other,
2015,10,I,276,Turkey Meatloaf,Undeclared Allergen,
2015,10,I,25920,Turkey Products,Other,
2015,10,I,2659,Packaged Soup Products,Other,
2015,10,I,234,Curry Chicken Salad Products,Listeria monocytogenes,
2015,10,I,224,"14-Lb. Of Smoked Kielbasa, 100-Lb.",Listeria monocytogenes,
2015,10,I,332,"Beef, Chicken, and Pork Dumpling",Other,
2015,10,II,190,Gluten Free Turkey Meatballs,Other,
2015,11,I,167427,Ground Beef,E. coli,
2015,11,I,265,Salad Kits With Chicken,Undeclared Allergen,
2015,11,II,168,Beef-Filled Dough (Steak Fiesta),Undeclared Allergen,
2015,11,I,4030,Boneless Pork Shoulders Products,Other,
2015,11,I,5208,Beef and Pork Jalape¤o Cheddar Bratwurst,Undeclared Allergen,
2015,11,I,3607,"Beef, Pork, and Poultry",Undeclared Allergen,
2015,11,II,52486,Chicken Wings,Other,
2015,11,II,59028,Mama Cozzi?s Rising Crust Pepperoni,Undeclared Allergen,
2015,11,I,1754,Beef and Chicken Empanada,Other,
2015,12,I,152010,"Frozen, Pureed Meat and Poultry",Undeclared Allergen,
2015,12,II,12146,Boneless Ham,Undeclared Allergen,
2015,12,I,4338,Cured Pork Products,Other,
2015,12,II,285264,Boneless Pork Rib Entr‚es,Extraneous Material,
2015,12,II,235,Jafflz Retro Pocket Sandwiches,Processing Defect,
2016,1,II,89568,Beef products ,Extraneous Material,
2016,1,I,14,Cajun Hickory Smoked Pork Tasso ,Listeria monocytogenes,
2016,1,I,1125,Chicken products ,Other,
2016,1,I,7687,"Beef, Pork, and Chicken Products ",Other,
2016,1,II,4040,Pork Sausage,Undeclared Substance,
2016,1,II,22182,Sweet Apple Chicken Sausage,Undeclared Substance,
2016,1,I,410,Ground Beef,E. coli,
2016,1,III,549539,Chili without Beans,Undeclared Substance,
2016,1,I,38950,Meat and Poultry Pasta Products,Other,
2016,1,II,73898,Pepperoni Pizza,Undeclared Substance,
2016,1,II,1320,Beef Knockwurst Sausage Links ,Undeclared Substance,
2016,1,I,289,Beef and Chicken ,Other,
2016,2,I,491,Pork Meat Ravioli ,Other,
2016,2,I,135,Uncured Bacon Ganache Bar,Undeclared Allergen,
2016,2,II,450, Beef Stew,Extraneous Material,
2016,2,I,25215,Pork Bacon Fritters,Extraneous Material,
2016,2,I,7275,Meatball Soup Products ,Other,
2016,2,II,3710,Southwest Style Chicken Salad,Extraneous Material,
2016,2,I,1006,Edamame Hummus Wrap,Undeclared Allergen,
2016,2,III,6000,Shirakiku Pork Gyoza Dumplings,Undeclared Substance,
2016,2,I,3004,Various Chicken Salad Products ,Listeria monocytogenes,
2016,3,II,19200,Fully Cooked Chicken Products,Undeclared Allergen,
2016,3,I,4530, Chicken Nuggets,Extraneous Material,
2016,3,I,267024,Chicken Pizza and Lasagna Products,Extraneous Material,
2016,3,I,111,Southwest Chicken Salad,Undeclared Allergen,
2016,4,I,2881,Meat & Poultry Pinwheels,Extraneous Material,
2016,4,I,5176844, Fully Cooked Chicken Products,Extraneous Material,
2016,4,I,467,Pork Sausage and Bacon Products,Undeclared Allergen,
2016,4,I,10455,Chicken and Turkey Products,Undeclared Allergen,
2016,4,I,3469,Breaded Pork Products ,Undeclared Allergen,
2016,4,I,325,Beef Patties,E. coli,
2016,4,I,1341,Meat and Poultry Wraps and Salads,Other,
2016,4,I,220450,Fully Cooked Chicken Nuggets,Extraneous Material,
2016,5,I,33610,Salad with Chicken,Listeria monocytogenes,
2016,5,I,1575,Vegetable Lasagna Products ,Undeclared Allergen,
2016,5,I,471,Charcuterie Meat Products,Other,
2016,5,I,117350,Meat Tamale Products,Listeria monocytogenes,
2016,5,I,497,Beef Jerky,Processing Defect,
2016,5,I,114870,Chicken Fried Rice,Listeria monocytogenes,
2016,5,I,47112257,NRTE Meat and Poultry Products,Listeria monocytogenes,
2016,5,III,5616,Pork Dumplings,Undeclared Substance,
2016,5,II,84340,Frozen Beef Entrees,Undeclared Allergen,
2016,5,I,373,Citrus Kale Salad with Chicken,Listeria monocytogenes,
2016,5,II,151,Thai Style Chicken Mango Salad,Undeclared Allergen,
2016,5,III,150,Pulled Pork with Barbecue ,Other,
2016,6,I,15996,Broccoli Salad Dressing,Listeria monocytogenes,
2016,6,I,873,"Beef, Turkey, and Chicken Meat Pies",Other,
2016,6,I,762,Dried Pork Sausage,Other,
2016,6,I,3586,Beef Cuts and Trimmings ,E. coli,
2016,6,I,10198,Various Dumplings and Wontons,Undeclared Allergen,
2016,6,I,55608,Various Bulk Chicken Parts,Extraneous Material,
2016,6,I,29645,Swai Fillets,Other,
2016,6,I,2444,Caesar Salad with Chicken Breast,Undeclared Allergen,
2016,7,II,5682,RTE Salad with Chicken,Undeclared Allergen,
2016,7,I,42,Lemongrass Basil Chicken Entrees,Listeria monocytogenes,
2016,7,I,195597,Frozen Meat and Poultry Entrees,Extraneous Material,
2016,7,I,44850,NRTE Meat and Poultry Products  ,E. coli,
2016,7,I,5850,Uncooked Chicken Tenderloin Fritter,E. coli,
2016,7,I,5677,Shrimp Scampi,Undeclared Allergen,
2016,7,II,21521,Siluriformes fish (catfish),Residue,
2016,7,I,372684,RTE Hot Dog and Corn Dog Products,Other,
2016,7,I,11658,Whole Roaster Hogs,Salmonella,
2016,7,II,4692,Wild Boar Brotwurst,Other,
2016,7,I,2606,Non Intact Beef Products,E. coli,
2016,7,I,8800,Beef,E. coli,
2016,7,I,636,Dried Chicken Noodle Soup Mix,Other,
2016,7,I,845,Meat Pasta Products,Other,
2016,7,I,295,Beef Jerky ,Other,
2016,8,II,204,Sausage Bangers,Undeclared Allergen,
2016,8,II,60350,Ground Beef,Extraneous Material,
2016,8,I,1951,Meat and Poultry Products,Other,
2016,8,II,7420,Beef Brains,Other,
2016,8,II,21570,Chicken Entrees,Extraneous Material,
2016,8,I,18672,Bacon and Cheddar Smoked Sausages,Undeclared Allergen,
2016,9,II,422,Chicken wraps,Undeclared Allergen,
2016,9,I,35,Ground Beef,E. coli,
2016,9,I,15,Lamb,E. coli,
2016,9,I,662,Various Meat and Poultry Products,Other,
2016,9,II,32928,Pork Rinds,Undeclared Allergen,
2016,9,I,915,Beef Tamales,Other,
2016,9,I,82,Various Raw Meat Products,Other,
2016,9,I,920,Chicken,Undeclared Allergen,
2016,9,II,8694,Ready to Eat Ham,Extraneous Material,
2016,9,I,1250,Pizza,Other,
2016,9,I,90,Spaghetti and Sausage,Other,
2016,9,I,132520,Fully Cooked Chicken Nuggets,Extraneous Material,
2016,9,I,2100,Boneless Beef Trimming,E. coli,
2016,9,I,216367,Ground Beef,E. coli,
2016,10,I,170,RTE Bacon,Listeria monocytogenes,
2016,10,I,969,Ham and American Cracker Stacker,Undeclared Allergen,
2016,10,I,2064,Rendered Animal Fat,Undeclared Allergen,
2016,10,I,2349,Non-intact Beef and Veal,E. coli,
2016,10,I,1148,Popcorn Chicken,Extraneous Material,
2016,10,I,54011,Sliced and Log Turkey Breast,Extraneous Material,
2016,10,II,126570,Pulled Pork Products,Undeclared Allergen,
2016,10,I,26800,Chicken and Dumplings,Undeclared Allergen,
2016,10,I,5610,Canned Chicken,Extraneous Material,
2016,10,I,3895,Chicken and Pork Bologna,Undeclared Allergen,
2016,11,I,741,Beef Jerky Products,Other,
2016,11,II,21403,Breaded Chicken Patties,Extraneous Material,
2016,11,I,1689,Beef and Pork Snack Stick Products ,Extraneous Material,
2016,11,I,1710,Egg Pork Roll,Undeclared Allergen,
2016,11,I,62,Chicken Breasts,Processing Defect,
2016,11,II,108,Beef Shepherd's Pie,Undeclared Allergen,
2016,11,II,237891,Pork Barbecue Products,Undeclared Allergen,
2016,11,I,932,Cured Dried Pork Loin,Processing Defect,
2016,11,I,4059,Chicken Breasts,Processing Defect,
2016,11,I,5022,Pork Homestyle Gravy,Undeclared Allergen,
2016,11,II,191695,RTE Roasted Chicken Quarters,Undeclared Allergen,
2016,11,I,455,Chicken Chili Soup,Listeria monocytogenes,
2016,11,I,305,Meatballs,Undeclared Allergen,
2016,11,I,1993528,Various RTE Chicken Products,Processing Defect,
2016,12,I,79,Meatloaf,Undeclared Allergen,
2016,12,III,50991,Raw Beef Products,Other,
2016,12,I,23040,Breaded veal products,Undeclared Allergen,
2016,12,II,23544,Beef and Cheese Tortilla Products,Extraneous Material,
2016,12,I,7629,Pork Skin Products,Salmonella,
2016,12,I,4607,Boneless Veal,E. coli,
2016,12,I,25332,Poultry and Rice Entrees,Undeclared Allergen,
2017,1,III,1288,Raw sausage products,Undeclared Substance,
2017,1,I,2330,Chicken Breast Tenders,Extraneous Material,
2017,1,I,3546,Lemon Pepper Chicken Entrees,Undeclared Allergen,
2017,1,I,3096,Chicken Soup,Undeclared Allergen,
2017,1,I,1124,Pork spare ribs and rib tips,Other,
2017,1,III,1905,Fully Cooked Turkey without Giblets,Undeclared Substance,
2017,1,III,204,Chicken salad,Other,
2017,1,I,1080,sweet chili chicken ,Undeclared Allergen,
2017,1,I,6348,Ready to Eat Chicken products,Processing Defect,
2017,1,III,2579,Pork Sausages,Undeclared Substance,
2017,2,I,45,Chili Flavored Soups w/chkn or beef,Undeclared Allergen,
2017,2,I,6630,Chicken and pork salad products,Listeria monocytogenes,
2017,2,III,999419,Chicken sausage products,Undeclared Substance,
2017,2,I,468,Mortadella,Undeclared Allergen,
2017,2,I,59225,Chicken Salad Products,Listeria monocytogenes,
2017,2,I,3236,RTE Meat and Poultry Products,Listeria monocytogenes,
2017,2,I,12610,RTE Breaded White Meat Chicken Bite,Processing Defect,
2017,3,I,140,Seasoned Ground Pork and Beef,Undeclared Allergen,
2017,3,I,151,Beef Jerky,Other,
2017,3,I,40680,Veal products,E. coli,
2017,3,III,8430,Shaved Steak,Extraneous Material,
2017,3,III,13330,Raw pork sausage products ,Undeclared Substance,
2017,3,I,63252,Ready to eat beef products,Extraneous Material,
2017,3,I,5750,Salami and Soppressata,Undeclared Allergen,
2017,3,I,21220,"Marketside  16 supreme pizzas""",Listeria monocytogenes,
2017,3,I,8622,Breakfast Burrito,Extraneous Material,
2017,3,I,73742,Boneless Beef,E. coli,
2017,3,I,178335,Pork Dumpling products,Other,
2017,3,II,22466,"Beef, venison and ostrich jerky ",Undeclared Allergen,
2017,3,I,933272,RTE breaded chicken products,Extraneous Material,
2017,3,II,35168,RTE Beef products,Extraneous Material,
2017,3,II,1695,Siluriformes fish (catfish),Residue,
2017,4,I,150,Chicken Salad,Undeclared Allergen,
2017,4,I,3434,Baby Greens w/Turkey & Mango salad,Undeclared Allergen,
2017,4,I,30537,Chicken w/ Cheese and Bean Burrito,Undeclared Allergen,
2017,4,I,4185,Chicken Soups,Undeclared Allergen,
2017,4,I,42147,RTE Chicken Breasts,Processing Defect,
2017,4,I,139909,RTE smoked and poultry sausages,Extraneous Material,
2017,4,I,8822,RTE Hams,Listeria monocytogenes,
2017,4,II,131880,Chicken breast patties,Extraneous Material,
2017,5,I,24768,RTE Ham and Cheese Quiche products,Other,
2017,5,I,8685,Beef Chili Colorado products,Undeclared Allergen,
2017,5,I,5620,"Raw beef, veal, and pork products",E. coli,
2017,5,I,2148,Harvestland Fully Cooked Organic It,Extraneous Material,
2017,5,I,4015,Beef patties ,Undeclared Allergen,
2017,5,I,5946,"Turkey, ham and cheese sandwiches",Listeria monocytogenes,
2017,5,II,1495,Raw young whole chicken ,Residue,
2017,5,I,130071,Frozen entree products,Listeria monocytogenes,
2017,5,I,252854,Ready to eat burritos,Listeria monocytogenes,
2017,5,I,1210,Beef Bone and Spicy Pork Bone Broth,Other,
2017,5,II,210606,Beef Franks,Extraneous Material,
2017,5,II,319000,Frozen meat and poultry products,Other,
2017,5,II,90978,Breakfast sausage items,Extraneous Material,
2017,5,I,5248,Waffles an Turkey Sausage,Listeria monocytogenes,
2017,5,I,5163,Beef Broth Products,Other,
2017,5,II,45985,Raw beef trimmimgs,Other,
2017,6,I,2959,Gia Russa Double Stuffed Pepperoni ,Extraneous Material,
2017,6,I,22832,Ground Beef and Beef Primals,E. coli,
2017,6,I,54699,Raw Breaded Chicken Products,Undeclared Allergen,
2017,6,I,174000,Various beef products ,Undeclared Allergen,
2017,6,I,18570,Chicken Salad products,Undeclared Allergen,
2017,6,I,4335,Ready-to-Eat (RTE) breaded chicken ,Undeclared Allergen,
2017,6,I,44035,Raw sausage,Undeclared Allergen,
2017,6,I,717338,RTE pasta and meatballs,Undeclared Allergen,
2017,6,I,2415,Ready-to-eat meat and poultry salad,Listeria monocytogenes,
2017,6,I,2485374,RTE breaded chicken products,Undeclared Allergen,
2017,6,I,294744,RTE breaded chicken products,Undeclared Allergen,
2017,6,I,9690,RTE chicken salad,Undeclared Allergen,
2017,6,I,197,Freeze Dried Beef product,Extraneous Material,
2017,6,I,114409,Beef Ravioli products,Undeclared Allergen,
2017,6,I,31662,RTE beef and poultry products,Undeclared Allergen,
2017,6,I,1190, Breaded Swai (Siluriformes),Undeclared Allergen,
2017,6,I,984,Ham,Other,
2017,6,I,325000,"beef, pork, and duck fat and lard",Processing Defect,
2017,6,I,61538,Sam's Choice brand Asian Style Beef,Undeclared Allergen,
2017,6,I,4275425,Breaded RTE chicken nuggest,Undeclared Allergen,
2017,6,I,54630,RTE chicken bites,Extraneous Material,
2017,6,I,84000,Frozen Swai Fillets (Siluriformes),Other,
2017,7,I,440,Buffalo Style Chicken Salad,Undeclared Allergen,
2017,7,II,9444,Chicken Base and Beef Base Paste,Undeclared Allergen,
2017,7,I,7196084,Hot dogs,Extraneous Material,
2017,7,I,10,Pork Kolbassi,Other,
2017,7,I,981,Stromboli products,Undeclared Allergen,
2017,7,II,17847,PEPPERONI PIZZA ,Undeclared Allergen,
2017,8,III,4922,Ground beef,Extraneous Material,
2017,8,I,20638,NRTE chicken entrees,Undeclared Allergen,
2017,8,II,115773,RTE ham products,Undeclared Allergen,
2017,8,I,1290,Raw intact and non-intact beef ,E. coli,
2017,8,III,2133,Morrison Aussie Pies Steak and Mush,Undeclared Substance,
2017,8,I,3960,Beef patties,Undeclared Allergen,
2017,8,I,4805,Poultry entree's,Undeclared Allergen,
2017,8,II,1719,Chicken Caesar Salads,Undeclared Allergen,
2017,8,I,1134,Pork Sausage Patties,Listeria monocytogenes,
2017,8,I,20446,Fully cooked chicken skewer product,Listeria monocytogenes,
2017,8,II,3448,Chicken breakfast sausage produc,Undeclared Allergen,
2017,8,I,12169,Skinless frozen pork bellies,Other,
2017,8,I,15092,"Frozen beef, pork and chicken produ",Undeclared Allergen,
2017,8,I,32228,RTE Chicken Sausage Product,Undeclared Allergen,
2017,9,I,123,Italian Style Meatballs,Undeclared Allergen,
2017,9,I,63823,NRTE Pork Sausage Products,Undeclared Allergen,
2017,9,I,1252,NRTE smoked meat products,Processing Defect,
2017,10,II,38475,Ground Turkey Products,Extraneous Material,
2017,10,II,1150,Raw chicken thigh products,Undeclared Allergen,
2017,10,I,700,Ground beef,E. coli,
2017,10,II,1222,RTE beef products,Undeclared Allergen,
2017,10,I,133,Ground beef,E. coli,
2017,10,II,12816,Shredded Beef,Extraneous Material,
2017,10,II,22630,Genoa Salami and Capocollo ,Extraneous Material,
2017,10,I,8000,Chicken and Pork products,Undeclared Allergen,
2017,10,I,32136,RTE bagged soups,Extraneous Material,
2017,10,I,4225,Marinated scallops wrapped in bacon,Undeclared Allergen,
2017,10,I,701,Chicken products,Listeria monocytogenes,
2017,10,II,732,Taylor Farms American Style Pasta S,Undeclared Allergen,
2017,11,I,28064,Meat and Poultry Burrito and Wrap ,Listeria monocytogenes,
2017,11,I,269,RTE meat and poultry products ,Other,
2017,11,I,26000,Beef and Pork Hot pockets,Undeclared Allergen,
2017,11,I,10839,Raw chicken breast product,Extraneous Material,
2017,11,I,231,RTE meat and poultry products,Other,
2017,11,I,264,RTE Chicken with rice,Listeria monocytogenes,
2017,11,II,116,Beef Tongues,Other,
2017,11,I,297828,Chicken and pork products,Other,
2017,11,I,46,Chicken  products ,Undeclared Allergen,
2017,11,I,36854,RTE Chicken and Turkey Salads,Extraneous Material,
2017,12,I,46810,Beef meatballs,Undeclared Allergen,
2017,12,I,813,Rafedain Fully Cooked Chicken Patty,Undeclared Allergen,
2017,12,II,143,Genoa Salami,Extraneous Material,
2017,12,I,1076,Salami and Prosciutto,Salmonella,
2017,12,I,7570,Ground beef,Undeclared Allergen,
2017,12,I,4702,Boneless stew meat,Extraneous Material,
2018,1,I,4068,Pepperoni Sticks ,Extraneous Material,
2018,1,I,430,RTE Tasso Spicy Ham,Processing Defect,
2018,1,III,743,RTE Chicken Salad,Other,
2018,1,I,289,RTE Chicken Salad Products,Undeclared Allergen,
2018,1,I,530,CHICKEN TENDER FRITTER,Undeclared Allergen,
2018,1,I,3420,Meatball product,Listeria monocytogenes,
2018,2,I,1391,RTE beef jerky,Undeclared Allergen,
2018,2,I,4618,Raw Intact Pork,Other,
2018,2,I,4202,Pork Soup with Rendered Pork Fat,Processing Defect,
2018,2,I,19757,Chicken Empanada and Pork Empanada,Undeclared Allergen,
2018,2,I,101310,Chicken Patty Products,Extraneous Material,
2018,2,I,167,Frozen Beef Products,Undeclared Allergen,
2018,2,I,20630,Chicken salad,Salmonella,
2018,2,I,572,Pork and Shrimp Dumplings,Undeclared Allergen,
2018,3,I,1925,Raw Turkey Sausage,Undeclared Allergen,
2018,3,I,4050,Chicken sausages,Undeclared Allergen,
2018,3,I,3946,Salami,Listeria monocytogenes,
2018,3,I,14806,Raw Ground Beef and Pork Products,E. coli,
2018,3,II,69016,"Raw, Intact Siluriformes",Residue,
2018,3,I,109603,Pork Sausage Product,Extraneous Material,
2018,3,I,53154,Raw Non-Intact Beef Products,Salmonella,
2018,3,I,484800,Raw Beef Product,Salmonella,
2018,3,I,4130,Mickey Brown's Beef Burritos,Other,
2018,3,I,1238,Beef Jerky Products,Processing Defect,
2018,3,I,96384,Thermally Processed Chicken,Extraneous Material,
2018,3,I,7146,Raw Beef Products,Other,
2018,4,I,130,Curry Chicken Salad,Undeclared Allergen,
2018,4,II,14525,Bar-B-Q Sauce with Pulled Beef,Extraneous Material,
2018,4,I,135159,Banquet Family Salisbury Steak with,Extraneous Material,
2018,4,II,119480,RTE beef pattys,Extraneous Material,
2018,4,I,8757,RTE Poultry and Meat Salad Products,E. coli,
2018,4,I,32479,Armour Dried Sliced Beef,Processing Defect,
2018,5,II,35464,Ground Beef,Extraneous Material,
2018,5,I,49558,FCNSS Meat Sausage Products,Extraneous Material,
2018,5,II,720,Chicken Tortilla Soup,Undeclared Allergen,
2018,5,II,308430,RTE sausage and hot dog products,Undeclared Allergen,
2018,5,I,8535,Hempler's Family Classic Pepperoni,Undeclared Allergen,
2018,5,III,1881,Calzone,Other,
2018,5,I,228614,Canned Pork and Chicken products,Extraneous Material,
2018,5,II,50706,Egg and Pork Sausage Burritos,Extraneous Material,
2018,5,II,18390,RTE Smoked Pork and Beef Sausage,Extraneous Material,
2018,6,I,15315,"Various Raw, Frozen Beef, Pork, Poultry and Siluriformes",Other,
2018,6,I,34400,RTE ground beef patty products,Extraneous Material,
2018,6,I,738,Meat Raviolis,Other,
2018,6,II,3120,NRTE Breaded Poultry Products,Extraneous Material,
2018,6,II,410985,Smoked Beef Sausages,Other,
2018,6,I,142,RTE Sliced Ham,Other,
2018,6,II,28346,"Poultry, Pork, and Beef products ",Other,
2018,6,I,489,Raw Ground Beef,E. coli,
2018,6,II,3592,Pastrami,Processing Defect,
2018,6,I,258121,Pork Lard,Other,
2018,6,III,4944,Black Forest Ham,Other,
2018,6,I,13554,Jerky and Meat Sticks,Other,
2018,6,I,10805,Canned chicken gravy products,Processing Defect,
2018,6,I,3,Wasabi Chicken Wrap,Undeclared Allergen,
2018,7,III,12946,Fully cooked pork products,Other,
2018,7,III,102,Beef Jerky product,Undeclared Substance,
2018,7,I,24048,pepperoni five cheese calzones,Extraneous Material,
2018,7,I,6020,"Ground beef, beef patty mix",E. coli,
2018,8,II,10385,Pork egg rolls,Extraneous Material,
2018,8,I,20000,Raw pork sausage products,Undeclared Allergen,
2018,8,III,656,Pork and beef bologna,Other,
2018,8,I,62,Homestyle Meatloaf,Undeclared Allergen,
2018,8,I,25288,Ground Beef,E. coli,
2018,8,I,75,Beef and Pork Meatloaf,Undeclared Allergen,
2018,8,I,45,Dried Smoked Siluriformes,Other,
2018,8,I,960,RTE Beef Patty Crumbles,Listeria monocytogenes,
2018,9,I,2520,Beef Manti products,Other,
2018,9,I,242,RTE Chicken Salad,Undeclared Allergen,
2018,9,I,438960,Various RTE chicken,Extraneous Material,
2018,9,II,371,Chorizo,Undeclared Substance,
2018,9,I,6720,Philly Beef Steak,Listeria monocytogenes,
2018,9,I,438,Beef dumplings,Other,
2018,9,II,46734,Raw pork sausage links,Extraneous Material,
2018,9,I,132606,Ground beef chuck products,E. coli,
2018,9,II,6028,RTE Olive Loaf,Other,
2018,9,II,690,RTE Teriyaki Beef Jerky Products,Extraneous Material,
2018,10,I,89096,RTE Ham,Listeria monocytogenes,
2018,10,I,12093271,Raw nonintact beef,Salmonella,
2018,10,I,1778,RTE Breaded Chicken products,Undeclared Allergen,
2018,10,I,18296,Beef and poultry products,Listeria monocytogenes,
2018,10,I,26323,RTE Pork Head Cheese,Listeria monocytogenes,
2018,10,I,23,Chicken Jerky Products,Processing Defect,
2018,10,II,35516,NRTE meat and poultry products,Processing Defect,
2018,10,I,30438,RTE meat and poultry products,Other,
2018,10,I,217,RTE salad with bacon,Listeria monocytogenes,
2018,10,I,987,RTE salads,Listeria monocytogenes,
2018,10,I,916,RTE salad and wrap products,Listeria monocytogenes,
2018,10,I,276,RTE pork products,Listeria monocytogenes,
2018,10,I,738,RTE salad with meat,Listeria monocytogenes,
2018,10,I,1786,RTE salads with chicken,Listeria monocytogenes,
2018,10,I,2490593,Taquitos,Listeria monocytogenes,
2018,10,I,1532,RTE salads and bowls with chicken,Listeria monocytogenes,
2018,10,I,292764,Ready-to-Eat (RTE) chicken and beef,Listeria monocytogenes,
2018,10,I,212746,RTE Meat and Poultry products,Listeria monocytogenes,
2018,10,I,174207,Ready-to-Eat (RTE) chicken wrap pro,Listeria monocytogenes,
2018,10,I,795261,RTE meat and poultry products,Listeria monocytogenes,
2018,10,III,3904,Smoked whole chicken,Undeclared Substance,
2018,10,II,15363,RTE Grilled chicken strips,Unapproved Substance,
2018,10,I,10200,Corned beef,Extraneous Material,
2018,10,I,3880,Chicken Tortellini,Other,
2018,11,I,14760,Pork patties,Extraneous Material,
2018,11,I,268,Chicken Burritos,Undeclared Allergen,
2018,11,I,6912,RTE chicken salad,Listeria monocytogenes,
2018,11,I,147276,Raw Ground Turkey,Salmonella,
2018,11,I,532,Raw ground beef products,E. coli,
2018,11,I,99260,Raw non-intact ground beef products,E. coli,
2018,11,II,11000,Marinated raw non-intact chicken,Undeclared Allergen,
2018,11,I,65211,Meat and poultry products,Undeclared Allergen,
2018,12,I,47,Spicey Snack Sticks,Undeclared Allergen,
2018,12,I,29028,RTE Sausage Links,Extraneous Material,
2018,12,II,10828,Raw intact beef products,Other,
2018,12,I,145245,Siluriforrms ,Other,
2018,12,I,956,Chicken wraps,Undeclared Allergen,
2018,12,I,164210,Raw non intact turkey products,Salmonella,
2018,12,I,11664,RTE sausage products,Extraneous Material,
